CellID,Cluster
1772067075-D05,IFE basal cells (IFE B)
1772067086-E12,IFE basal cells (IFE B)
1772072282-G12,IFE basal cells (IFE B)
1772072259-F11,IFE basal cells (IFE B)
1772067078-F11,IFE basal cells (IFE B)
1772067078-G05,IFE basal cells (IFE B)
1772071061-E11,IFE basal cells (IFE B)
1772067071-C10,IFE basal cells (IFE B)
1772067075-H12,IFE basal cells (IFE B)
1772071061-B02,IFE basal cells (IFE B)
1772071026-E10,IFE basal cells (IFE B)
1772067085-E03,IFE basal cells (IFE B)
1772067085-E12,IFE basal cells (IFE B)
1772067072-A06,IFE basal cells (IFE B)
1772067090-C11,IFE basal cells (IFE B)
1772067075-G07,IFE basal cells (IFE B)
1772067055-C03,IFE basal cells (IFE B)
1772067084-B09,IFE basal cells (IFE B)
1772067071-H09,IFE basal cells (IFE B)
1772071025-E12,IFE basal cells (IFE B)
1772072275-A12,IFE basal cells (IFE B)
1772067055-B01,IFE basal cells (IFE B)
1772067090-D09,IFE basal cells (IFE B)
1772072261-C07,IFE basal cells (IFE B)
1772067090-D06,IFE basal cells (IFE B)
1772071037-G12,IFE basal cells (IFE B)
1772067087-H04,IFE basal cells (IFE B)
1772071037-C09,IFE basal cells (IFE B)
1772067084-B03,IFE basal cells (IFE B)
1772067090-G10,IFE basal cells (IFE B)
1772067084-F12,IFE basal cells (IFE B)
1772071037-A06,IFE basal cells (IFE B)
1772071037-D03,IFE basal cells (IFE B)
1772067084-A02,IFE basal cells (IFE B)
1772071037-G04,IFE basal cells (IFE B)
1772067090-H11,IFE basal cells (IFE B)
1772067084-H05,IFE basal cells (IFE B)
1772067084-H11,IFE basal cells (IFE B)
1772067055-F06,IFE basal cells (IFE B)
1772067084-G05,IFE basal cells (IFE B)
1772067090-G05,IFE basal cells (IFE B)
1772067075-H05,IFE basal cells (IFE B)
1772067084-A09,IFE basal cells (IFE B)
1772067055-B02,IFE basal cells (IFE B)
1772067084-E01,IFE basal cells (IFE B)
1772071037-A07,IFE basal cells (IFE B)
1772071037-C02,IFE basal cells (IFE B)
1772067086-A11,IFE basal cells (IFE B)
1772071037-B12,IFE basal cells (IFE B)
1772071037-A05,IFE basal cells (IFE B)
1772067055-D05,IFE basal cells (IFE B)
1772067084-A06,IFE basal cells (IFE B)
1772067084-D10,IFE basal cells (IFE B)
1772071037-D02,IFE basal cells (IFE B)
1772071037-A02,IFE basal cells (IFE B)
1772071037-G05,IFE basal cells (IFE B)
1772067084-G12,IFE basal cells (IFE B)
1772067055-D10,IFE basal cells (IFE B)
1772067075-D07,IFE basal cells (IFE B)
1772067084-B07,IFE basal cells (IFE B)
1772067090-A06,IFE basal cells (IFE B)
1772067090-C03,IFE basal cells (IFE B)
1772067090-B01,IFE basal cells (IFE B)
1772067084-G11,IFE basal cells (IFE B)
1772067075-E12,IFE basal cells (IFE B)
1772071037-C04,IFE basal cells (IFE B)
1772067055-H12,IFE basal cells (IFE B)
1772067090-H12,IFE basal cells (IFE B)
1772071037-G11,IFE basal cells (IFE B)
1772067075-H11,IFE basal cells (IFE B)
1772071037-B03,IFE basal cells (IFE B)
1772071037-C11,IFE basal cells (IFE B)
1772067075-E05,IFE basal cells (IFE B)
1772071037-E03,IFE basal cells (IFE B)
1772067090-B02,IFE basal cells (IFE B)
1772071037-E11,IFE basal cells (IFE B)
1772067084-F10,IFE basal cells (IFE B)
1772067090-G04,IFE basal cells (IFE B)
1772071037-B02,IFE basal cells (IFE B)
1772067090-C04,IFE basal cells (IFE B)
1772067078-F10,IFE basal cells (IFE B)
1772067086-F11,IFE basal cells (IFE B)
1772067055-A09,IFE basal cells (IFE B)
1772067084-G06,IFE basal cells (IFE B)
1772067090-F10,IFE basal cells (IFE B)
1772067095-G04,IFE basal cells (IFE B)
1772067085-E09,IFE basal cells (IFE B)
1772067084-C12,IFE basal cells (IFE B)
1772067086-E01,IFE basal cells (IFE B)
1772067086-A05,IFE basal cells (IFE B)
1772067075-F07,IFE basal cells (IFE B)
1772067085-D03,IFE basal cells (IFE B)
1772067055-E05,IFE basal cells (IFE B)
1772067084-C06,IFE basal cells (IFE B)
1772067090-E12,IFE basal cells (IFE B)
1772067087-G06,IFE basal cells (IFE B)
1772067055-E09,IFE basal cells (IFE B)
1772067071-B07,IFE basal cells (IFE B)
1772067084-F02,IFE basal cells (IFE B)
1772067055-A01,IFE basal cells (IFE B)
1772067090-F12,IFE basal cells (IFE B)
1772067084-B05,IFE basal cells (IFE B)
1772067084-B04,IFE basal cells (IFE B)
1772067090-H10,IFE basal cells (IFE B)
1772067075-G06,IFE basal cells (IFE B)
1772071037-C10,IFE basal cells (IFE B)
1772067071-B04,IFE basal cells (IFE B)
1772071037-D05,IFE basal cells (IFE B)
1772067075-A10,IFE basal cells (IFE B)
1772067084-E11,IFE basal cells (IFE B)
1772067072-C11,IFE basal cells (IFE B)
1772067084-D04,IFE basal cells (IFE B)
1772067055-B10,IFE basal cells (IFE B)
1772067071-G03,IFE basal cells (IFE B)
1772067055-G06,IFE basal cells (IFE B)
1772067090-A11,IFE basal cells (IFE B)
1772067075-C02,IFE basal cells (IFE B)
1772071037-C06,IFE basal cells (IFE B)
1772067055-C06,IFE basal cells (IFE B)
1772067055-B04,IFE basal cells (IFE B)
1772071037-F07,IFE basal cells (IFE B)
1772067084-A11,IFE basal cells (IFE B)
1772067075-D02,IFE basal cells (IFE B)
1772067090-C05,IFE basal cells (IFE B)
1772071037-A01,IFE basal cells (IFE B)
1772067075-E01,IFE basal cells (IFE B)
1772067075-B04,IFE basal cells (IFE B)
1772071037-A03,IFE basal cells (IFE B)
1772067055-E11,IFE basal cells (IFE B)
1772071037-E01,IFE basal cells (IFE B)
1772067075-G01,IFE basal cells (IFE B)
1772067087-F11,IFE basal cells (IFE B)
1772067086-B11,IFE basal cells (IFE B)
1772067075-G11,IFE basal cells (IFE B)
1772067084-H06,IFE basal cells (IFE B)
1772071037-B10,IFE basal cells (IFE B)
1772067075-D12,IFE basal cells (IFE B)
1772067084-F01,IFE basal cells (IFE B)
1772067075-C05,IFE basal cells (IFE B)
1772067084-F06,IFE basal cells (IFE B)
1772067090-H06,IFE basal cells (IFE B)
1772067075-B10,IFE basal cells (IFE B)
1772071061-A06,IFE basal cells (IFE B)
1772067071-F07,IFE basal cells (IFE B)
1772067071-C04,IFE basal cells (IFE B)
1772067090-C10,IFE basal cells (IFE B)
1772067071-H04,IFE basal cells (IFE B)
1772071063-H11,IFE basal cells (IFE B)
1772067090-D08,IFE basal cells (IFE B)
1772067084-F09,IFE basal cells (IFE B)
1772071032-B04,IFE basal cells (IFE B)
1772067055-A04,IFE basal cells (IFE B)
1772067071-H11,IFE basal cells (IFE B)
1772067084-D12,IFE basal cells (IFE B)
1772067084-H04,IFE basal cells (IFE B)
1772071037-E05,IFE basal cells (IFE B)
1772067075-C10,IFE basal cells (IFE B)
1772067075-C11,IFE basal cells (IFE B)
1772067071-B02,IFE basal cells (IFE B)
1772071037-G08,IFE basal cells (IFE B)
1772067071-C01,IFE basal cells (IFE B)
1772067075-F10,IFE basal cells (IFE B)
1772067071-G12,IFE basal cells (IFE B)
1772067075-C03,IFE basal cells (IFE B)
1772067086-C05,IFE basal cells (IFE B)
1772071037-B08,IFE basal cells (IFE B)
1772067090-D04,IFE basal cells (IFE B)
1772071039-D12,IFE basal cells (IFE B)
1772071039-G05,IFE basal cells (IFE B)
1772067055-H03,IFE basal cells (IFE B)
1772072275-B05,IFE basal cells (IFE B)
1772067084-A08,IFE basal cells (IFE B)
1772072261-A07,IFE basal cells (IFE B)
1772072261-H03,IFE basal cells (IFE B)
1772071039-F10,IFE basal cells (IFE B)
1772071063-E09,IFE basal cells (IFE B)
1772072263-G04,IFE basal cells (IFE B)
1772071034-A12,IFE basal cells (IFE B)
1772067055-E12,IFE basal cells (IFE B)
1772067078-C05,IFE basal cells (IFE B)
1772067090-F09,IFE basal cells (IFE B)
1772071039-F05,IFE basal cells (IFE B)
1772067055-B11,IFE basal cells (IFE B)
1772071034-F10,IFE basal cells (IFE B)
1772067071-C05,IFE basal cells (IFE B)
1772071063-G11,IFE basal cells (IFE B)
1772067086-B04,IFE basal cells (IFE B)
1772067090-D11,IFE basal cells (IFE B)
1772067086-D06,IFE basal cells (IFE B)
1772067090-A04,IFE basal cells (IFE B)
1772067075-F06,IFE basal cells (IFE B)
1772067055-C01,IFE basal cells (IFE B)
1772067090-H02,IFE basal cells (IFE B)
1772067072-C10,IFE basal cells (IFE B)
1772067055-D02,IFE basal cells (IFE B)
1772067087-H05,IFE basal cells (IFE B)
1772071037-B06,IFE basal cells (IFE B)
1772067084-D05,IFE basal cells (IFE B)
1772067071-B10,IFE basal cells (IFE B)
1772067071-G07,IFE basal cells (IFE B)
1772067075-A12,IFE basal cells (IFE B)
1772067075-G05,IFE basal cells (IFE B)
1772067078-A06,IFE basal cells (IFE B)
1772067084-D06,IFE basal cells (IFE B)
1772067086-F05,IFE basal cells (IFE B)
1772071063-C09,IFE basal cells (IFE B)
1772067084-D03,IFE basal cells (IFE B)
1772067071-D11,IFE basal cells (IFE B)
1772067071-D09,IFE basal cells (IFE B)
1772067075-E11,IFE basal cells (IFE B)
1772067084-B12,IFE basal cells (IFE B)
1772067090-B06,IFE basal cells (IFE B)
1772067090-F07,IFE basal cells (IFE B)
1772071037-D04,IFE basal cells (IFE B)
1772067055-F08,IFE basal cells (IFE B)
1772072285-B12,IFE basal cells (IFE B)
1772072261-A05,IFE basal cells (IFE B)
1772067071-H02,IFE basal cells (IFE B)
1772071051-A03,IFE basal cells (IFE B)
1772067055-C10,IFE basal cells (IFE B)
1772067080-B08,IFE basal cells (IFE B)
1772067090-H04,IFE basal cells (IFE B)
1772071039-F12,IFE basal cells (IFE B)
1772067087-F01,IFE basal cells (IFE B)
1772067095-A08,IFE basal cells (IFE B)
1772067090-H05,IFE basal cells (IFE B)
1772067055-G08,IFE basal cells (IFE B)
1772067075-A05,IFE basal cells (IFE B)
1772067071-B03,IFE basal cells (IFE B)
1772067055-G07,IFE basal cells (IFE B)
1772067071-F01,IFE basal cells (IFE B)
1772067084-G04,IFE basal cells (IFE B)
1772067090-A10,IFE basal cells (IFE B)
1772071026-D08,IFE basal cells (IFE B)
1772071025-C05,IFE basal cells (IFE B)
1772071037-A08,IFE basal cells (IFE B)
1772067078-B10,IFE basal cells (IFE B)
1772072285-G06,IFE basal cells (IFE B)
1772067071-G06,IFE basal cells (IFE B)
1772071051-E06,IFE basal cells (IFE B)
1772071061-A03,IFE basal cells (IFE B)
1772067055-G05,IFE basal cells (IFE B)
1772067090-E10,IFE basal cells (IFE B)
1772067084-E04,IFE basal cells (IFE B)
1772067086-A06,IFE basal cells (IFE B)
1772067090-A07,IFE basal cells (IFE B)
1772072285-B05,IFE basal cells (IFE B)
1772071063-G06,IFE basal cells (IFE B)
1772067086-C08,IFE basal cells (IFE B)
1772071051-F04,IFE basal cells (IFE B)
1772071039-F11,IFE basal cells (IFE B)
1772071039-A02,IFE basal cells (IFE B)
1772071039-D10,IFE basal cells (IFE B)
1772067056-E05,IFE basal cells (IFE B)
1772067090-A08,IFE basal cells (IFE B)
1772067055-B09,IFE basal cells (IFE B)
1772067055-A06,IFE basal cells (IFE B)
1772071032-E10,IFE basal cells (IFE B)
1772067086-D11,IFE basal cells (IFE B)
1772067055-A07,IFE basal cells (IFE B)
1772071037-H12,IFE basal cells (IFE B)
1772067055-H06,IFE basal cells (IFE B)
1772067086-C10,IFE basal cells (IFE B)
1772067055-F04,IFE basal cells (IFE B)
1772067055-H04,IFE basal cells (IFE B)
1772067075-D01,IFE basal cells (IFE B)
1772067095-C01,IFE basal cells (IFE B)
1772067086-B12,IFE basal cells (IFE B)
1772067086-H05,IFE basal cells (IFE B)
1772067086-C11,IFE basal cells (IFE B)
1772072261-E06,IFE basal cells (IFE B)
1772067075-A01,IFE basal cells (IFE B)
1772067075-C09,IFE basal cells (IFE B)
1772071037-H10,IFE basal cells (IFE B)
1772067084-C07,IFE basal cells (IFE B)
1772067078-F01,IFE basal cells (IFE B)
1772067055-A05,IFE basal cells (IFE B)
1772067078-H08,IFE basal cells (IFE B)
1772067085-B11,IFE basal cells (IFE B)
1772072282-E09,IFE basal cells (IFE B)
1772067084-E07,IFE basal cells (IFE B)
1772067086-A03,IFE basal cells (IFE B)
1772067078-E04,IFE basal cells (IFE B)
1772067078-C04,IFE basal cells (IFE B)
1772067078-E06,IFE basal cells (IFE B)
1772067078-H06,IFE basal cells (IFE B)
1772067078-H11,IFE basal cells (IFE B)
1772067055-D06,IFE basal cells (IFE B)
1772067078-G12,IFE basal cells (IFE B)
1772072259-C06,IFE basal cells (IFE B)
1772067078-H02,IFE basal cells (IFE B)
1772067078-B01,IFE basal cells (IFE B)
1772067078-B06,IFE basal cells (IFE B)
1772067086-C06,IFE basal cells (IFE B)
1772067078-A04,IFE basal cells (IFE B)
1772067090-C06,IFE basal cells (IFE B)
1772067090-E07,IFE basal cells (IFE B)
1772072283-D12,IFE basal cells (IFE B)
1772072282-H10,IFE basal cells (IFE B)
1772067072-D04,IFE basal cells (IFE B)
1772071034-F04,IFE basal cells (IFE B)
1772067087-C10,IFE basal cells (IFE B)
1772072263-D04,IFE basal cells (IFE B)
1772067055-E02,IFE basal cells (IFE B)
1772071068-A11,IFE basal cells (IFE B)
1772067055-F12,IFE basal cells (IFE B)
1772067078-F04,IFE basal cells (IFE B)
1772067078-A01,IFE basal cells (IFE B)
1772067095-E06,IFE basal cells (IFE B)
1772067078-G03,IFE basal cells (IFE B)
1772067084-A01,IFE basal cells (IFE B)
1772067087-A08,IFE basal cells (IFE B)
1772067055-B12,IFE basal cells (IFE B)
1772067055-G12,IFE basal cells (IFE B)
1772067078-H10,IFE basal cells (IFE B)
1772067078-D11,IFE basal cells (IFE B)
1772067095-B07,IFE basal cells (IFE B)
1772071032-H05,IFE basal cells (IFE B)
1772072284-C06,IFE basal cells (IFE B)
1772067087-A04,IFE basal cells (IFE B)
1772071032-F09,IFE basal cells (IFE B)
1772067078-D07,IFE basal cells (IFE B)
1772067084-C11,IFE basal cells (IFE B)
1772072263-A05,IFE basal cells (IFE B)
1772067078-B12,IFE basal cells (IFE B)
1772067078-C12,IFE basal cells (IFE B)
1772067080-E04,IFE basal cells (IFE B)
1772072259-A12,IFE basal cells (IFE B)
1772067078-E12,IFE basal cells (IFE B)
1772067078-C07,IFE basal cells (IFE B)
1772071063-E04,IFE differentiated cells I (IFE DI)
1772067071-G02,IFE differentiated cells I (IFE DI)
1772067056-B06,IFE differentiated cells I (IFE DI)
1772067086-A02,IFE differentiated cells I (IFE DI)
1772071032-D09,IFE differentiated cells I (IFE DI)
1772067055-H11,IFE differentiated cells I (IFE DI)
1772072284-D05,IFE differentiated cells I (IFE DI)
1772071025-G10,IFE differentiated cells I (IFE DI)
1772067080-F02,IFE differentiated cells I (IFE DI)
1772067055-A03,IFE differentiated cells I (IFE DI)
1772071037-E04,IFE differentiated cells I (IFE DI)
1772071032-B01,IFE differentiated cells I (IFE DI)
1772072283-B03,IFE differentiated cells I (IFE DI)
1772072263-G05,IFE differentiated cells I (IFE DI)
1772071068-A02,IFE differentiated cells I (IFE DI)
1772072282-A08,IFE differentiated cells I (IFE DI)
1772067086-G10,IFE differentiated cells I (IFE DI)
1772067078-C01,IFE differentiated cells I (IFE DI)
1772067078-D05,IFE differentiated cells I (IFE DI)
1772067084-E09,IFE differentiated cells I (IFE DI)
1772067084-E06,IFE differentiated cells I (IFE DI)
1772071063-E10,IFE differentiated cells I (IFE DI)
1772072276-C08,IFE differentiated cells I (IFE DI)
1772067075-F12,IFE differentiated cells I (IFE DI)
1772071063-F10,IFE differentiated cells I (IFE DI)
1772072263-D01,IFE differentiated cells I (IFE DI)
1772072275-E03,IFE differentiated cells I (IFE DI)
1772067056-C11,IFE differentiated cells I (IFE DI)
1772067055-H08,IFE differentiated cells I (IFE DI)
1772072256-B10,IFE differentiated cells I (IFE DI)
1772067095-C09,IFE differentiated cells I (IFE DI)
1772067072-D01,IFE differentiated cells I (IFE DI)
1772072275-H08,IFE differentiated cells I (IFE DI)
1772072285-A11,IFE differentiated cells I (IFE DI)
1772067086-H06,IFE differentiated cells I (IFE DI)
1772067086-C01,IFE differentiated cells I (IFE DI)
1772067086-B03,IFE differentiated cells I (IFE DI)
1772067084-C05,IFE differentiated cells I (IFE DI)
1772072285-B04,IFE differentiated cells I (IFE DI)
1772067078-D06,IFE differentiated cells I (IFE DI)
1772072284-C05,IFE differentiated cells I (IFE DI)
1772067085-B07,IFE differentiated cells I (IFE DI)
1772071061-B11,IFE differentiated cells I (IFE DI)
1772071068-A08,IFE differentiated cells I (IFE DI)
1772071051-A06,IFE differentiated cells I (IFE DI)
1772072263-B03,IFE differentiated cells I (IFE DI)
1772072282-F08,IFE differentiated cells I (IFE DI)
1772071034-A03,IFE differentiated cells I (IFE DI)
1772067086-E06,IFE differentiated cells I (IFE DI)
1772067090-C01,IFE differentiated cells I (IFE DI)
1772067087-C05,IFE differentiated cells I (IFE DI)
1772067086-C09,IFE differentiated cells I (IFE DI)
1772072275-F08,IFE differentiated cells I (IFE DI)
1772071034-E10,IFE differentiated cells I (IFE DI)
1772072275-A10,IFE differentiated cells I (IFE DI)
1772067090-F11,IFE differentiated cells I (IFE DI)
1772067095-C06,IFE differentiated cells I (IFE DI)
1772067071-C11,IFE differentiated cells I (IFE DI)
1772072284-A03,IFE differentiated cells I (IFE DI)
1772071025-G04,IFE differentiated cells I (IFE DI)
1772072256-G11,IFE differentiated cells I (IFE DI)
1772067071-F06,IFE differentiated cells I (IFE DI)
1772071068-G10,IFE differentiated cells I (IFE DI)
1772072284-C02,IFE differentiated cells I (IFE DI)
1772067086-D10,IFE differentiated cells I (IFE DI)
1772067095-D06,IFE differentiated cells I (IFE DI)
1772067078-H05,IFE differentiated cells I (IFE DI)
1772071025-B06,IFE differentiated cells I (IFE DI)
1772071068-F10,IFE differentiated cells I (IFE DI)
1772071037-G10,IFE differentiated cells I (IFE DI)
1772072275-F05,IFE differentiated cells I (IFE DI)
1772067071-D03,IFE differentiated cells I (IFE DI)
1772067085-C08,IFE differentiated cells I (IFE DI)
1772071063-A11,IFE differentiated cells I (IFE DI)
1772071051-B07,IFE differentiated cells I (IFE DI)
1772067095-G11,IFE differentiated cells I (IFE DI)
1772067087-B05,IFE differentiated cells I (IFE DI)
1772071032-C05,IFE differentiated cells I (IFE DI)
1772071025-D01,IFE differentiated cells I (IFE DI)
1772071025-B12,IFE differentiated cells I (IFE DI)
1772067087-A12,IFE differentiated cells I (IFE DI)
1772067084-A04,IFE differentiated cells I (IFE DI)
1772067087-H11,IFE differentiated cells I (IFE DI)
1772072259-F12,IFE differentiated cells I (IFE DI)
1772067086-H12,IFE differentiated cells I (IFE DI)
1772071066-A02,IFE differentiated cells I (IFE DI)
1772071063-C03,IFE differentiated cells I (IFE DI)
1772067086-D04,IFE differentiated cells I (IFE DI)
1772071061-E12,IFE differentiated cells I (IFE DI)
1772067072-G11,IFE differentiated cells I (IFE DI)
1772071037-B09,IFE differentiated cells I (IFE DI)
1772071037-D12,IFE differentiated cells I (IFE DI)
1772067072-A10,IFE differentiated cells I (IFE DI)
1772071037-B04,IFE differentiated cells I (IFE DI)
1772071034-E11,IFE differentiated cells I (IFE DI)
1772072256-F12,IFE differentiated cells I (IFE DI)
1772067072-A09,IFE differentiated cells I (IFE DI)
1772071037-C03,IFE differentiated cells I (IFE DI)
1772072261-D04,IFE differentiated cells I (IFE DI)
1772072259-D10,IFE differentiated cells I (IFE DI)
1772072276-B05,IFE differentiated cells I (IFE DI)
1772072276-D08,IFE differentiated cells I (IFE DI)
1772072261-E10,IFE differentiated cells I (IFE DI)
1772071066-B06,IFE differentiated cells I (IFE DI)
1772067090-C12,IFE differentiated cells I (IFE DI)
1772067075-E03,IFE differentiated cells I (IFE DI)
1772067055-H05,IFE differentiated cells I (IFE DI)
1772067084-A07,IFE differentiated cells I (IFE DI)
1772071063-C12,IFE differentiated cells I (IFE DI)
1772067055-G10,IFE differentiated cells I (IFE DI)
1772071034-H12,IFE differentiated cells I (IFE DI)
1772071026-G06,IFE differentiated cells I (IFE DI)
1772071032-A01,IFE differentiated cells I (IFE DI)
1772072275-D08,IFE differentiated cells I (IFE DI)
1772067086-H10,IFE differentiated cells I (IFE DI)
1772072259-G06,IFE differentiated cells I (IFE DI)
1772067075-B03,IFE differentiated cells I (IFE DI)
1772071026-F10,IFE differentiated cells I (IFE DI)
1772071037-B05,IFE differentiated cells I (IFE DI)
1772071037-A09,IFE differentiated cells I (IFE DI)
1772067084-D07,IFE differentiated cells I (IFE DI)
1772067055-B07,IFE differentiated cells I (IFE DI)
1772067075-B06,IFE differentiated cells I (IFE DI)
1772067072-E07,IFE differentiated cells I (IFE DI)
1772067084-F11,IFE differentiated cells I (IFE DI)
1772072261-E09,IFE differentiated cells I (IFE DI)
1772067084-B06,IFE differentiated cells I (IFE DI)
1772067075-H10,IFE differentiated cells I (IFE DI)
1772072259-D12,IFE differentiated cells I (IFE DI)
1772067075-F11,IFE differentiated cells I (IFE DI)
1772067084-F04,IFE differentiated cells I (IFE DI)
1772067075-G12,IFE differentiated cells I (IFE DI)
1772071037-G06,IFE differentiated cells I (IFE DI)
1772071037-H02,IFE differentiated cells I (IFE DI)
1772067090-D05,IFE differentiated cells I (IFE DI)
1772071037-H05,IFE differentiated cells I (IFE DI)
1772071037-C08,IFE differentiated cells I (IFE DI)
1772072263-D06,IFE differentiated cells I (IFE DI)
1772072259-E05,IFE differentiated cells I (IFE DI)
1772067090-F04,IFE differentiated cells I (IFE DI)
1772067090-C02,IFE differentiated cells I (IFE DI)
1772071037-C05,IFE differentiated cells I (IFE DI)
1772071051-C11,IFE differentiated cells I (IFE DI)
1772071039-C05,IFE differentiated cells I (IFE DI)
1772071068-F01,IFE differentiated cells I (IFE DI)
1772067090-G12,IFE differentiated cells I (IFE DI)
1772067078-C10,IFE differentiated cells I (IFE DI)
1772067084-E05,IFE differentiated cells I (IFE DI)
1772071032-D06,IFE differentiated cells I (IFE DI)
1772072282-C11,IFE differentiated cells I (IFE DI)
1772071026-D09,IFE differentiated cells I (IFE DI)
1772072285-D05,IFE differentiated cells I (IFE DI)
1772072282-D07,IFE differentiated cells II (IFE DII)
1772072284-G12,IFE differentiated cells II (IFE DII)
1772072275-H02,IFE differentiated cells II (IFE DII)
1772067078-H12,IFE differentiated cells II (IFE DII)
1772071025-F06,IFE differentiated cells II (IFE DII)
1772071051-C09,IFE differentiated cells II (IFE DII)
1772067080-D08,IFE differentiated cells II (IFE DII)
1772067056-D10,IFE differentiated cells II (IFE DII)
1772071039-H12,IFE differentiated cells II (IFE DII)
1772072284-G06,IFE differentiated cells II (IFE DII)
1772067080-F09,IFE differentiated cells II (IFE DII)
1772071063-C02,IFE differentiated cells II (IFE DII)
1772067071-B06,IFE differentiated cells II (IFE DII)
1772071025-D03,IFE differentiated cells II (IFE DII)
1772067078-D03,IFE differentiated cells II (IFE DII)
1772067055-E07,IFE differentiated cells II (IFE DII)
1772071026-B05,IFE differentiated cells II (IFE DII)
1772067078-D01,IFE differentiated cells II (IFE DII)
1772067078-E02,IFE differentiated cells II (IFE DII)
1772071068-F07,IFE differentiated cells II (IFE DII)
1772072283-H08,IFE differentiated cells II (IFE DII)
1772067078-E07,IFE differentiated cells II (IFE DII)
1772067056-F10,IFE differentiated cells II (IFE DII)
1772067084-C03,IFE differentiated cells II (IFE DII)
1772071025-E09,IFE differentiated cells II (IFE DII)
1772072259-G04,IFE differentiated cells II (IFE DII)
1772067078-A10,IFE differentiated cells II (IFE DII)
1772067084-C08,IFE differentiated cells II (IFE DII)
1772067095-G05,IFE differentiated cells II (IFE DII)
1772067087-A09,IFE differentiated cells II (IFE DII)
1772067095-E05,IFE differentiated cells II (IFE DII)
1772071063-C01,IFE differentiated cells II (IFE DII)
1772071068-A03,IFE differentiated cells II (IFE DII)
1772071051-G12,IFE differentiated cells II (IFE DII)
1772071051-D07,IFE differentiated cells II (IFE DII)
1772071039-H06,IFE differentiated cells II (IFE DII)
1772071034-E07,IFE differentiated cells II (IFE DII)
1772071051-C04,IFE differentiated cells II (IFE DII)
1772072263-H04,IFE differentiated cells II (IFE DII)
1772071034-A10,IFE differentiated cells II (IFE DII)
1772067075-C01,IFE differentiated cells II (IFE DII)
1772071025-G06,IFE differentiated cells II (IFE DII)
1772071037-E12,IFE differentiated cells II (IFE DII)
1772071025-D06,IFE differentiated cells II (IFE DII)
1772067056-D06,IFE differentiated cells II (IFE DII)
1772072259-E07,IFE differentiated cells II (IFE DII)
1772067084-C10,IFE differentiated cells II (IFE DII)
1772067087-B02,IFE differentiated cells II (IFE DII)
1772072261-G06,IFE differentiated cells II (IFE DII)
1772072275-C08,IFE differentiated cells II (IFE DII)
1772072284-C08,IFE differentiated cells II (IFE DII)
1772072284-B10,IFE differentiated cells II (IFE DII)
1772071039-B02,IFE differentiated cells II (IFE DII)
1772067095-A01,IFE differentiated cells II (IFE DII)
1772067086-D01,IFE differentiated cells II (IFE DII)
1772067095-D07,IFE differentiated cells II (IFE DII)
1772072282-D05,IFE differentiated cells II (IFE DII)
1772071051-D11,IFE differentiated cells II (IFE DII)
1772071034-F03,IFE differentiated cells II (IFE DII)
1772067095-A04,IFE differentiated cells II (IFE DII)
1772071051-A10,IFE differentiated cells II (IFE DII)
1772072259-C12,IFE differentiated cells II (IFE DII)
1772067078-H04,IFE differentiated cells II (IFE DII)
1772067075-A09,IFE differentiated cells II (IFE DII)
1772067090-E09,IFE differentiated cells II (IFE DII)
1772067090-B11,IFE differentiated cells II (IFE DII)
1772072283-A11,IFE differentiated cells II (IFE DII)
1772071034-C09,IFE differentiated cells II (IFE DII)
1772067055-C12,IFE differentiated cells II (IFE DII)
1772071068-E03,IFE differentiated cells II (IFE DII)
1772071051-A11,IFE differentiated cells II (IFE DII)
1772067086-C07,IFE differentiated cells II (IFE DII)
1772067086-A07,IFE differentiated cells II (IFE DII)
1772067090-A03,IFE differentiated cells II (IFE DII)
1772067087-D08,IFE differentiated cells II (IFE DII)
1772072259-D03,IFE differentiated cells II (IFE DII)
1772071026-B02,IFE differentiated cells II (IFE DII)
1772067072-E02,IFE differentiated cells II (IFE DII)
1772067072-A08,IFE differentiated cells II (IFE DII)
1772071039-G04,IFE differentiated cells II (IFE DII)
1772071034-D02,IFE differentiated cells II (IFE DII)
1772067087-G02,IFE differentiated cells II (IFE DII)
1772071025-A05,IFE differentiated cells II (IFE DII)
1772067072-B02,IFE differentiated cells II (IFE DII)
1772071068-C08,IFE differentiated cells II (IFE DII)
1772067055-E03,IFE differentiated cells II (IFE DII)
1772067055-F07,IFE differentiated cells II (IFE DII)
1772072256-B07,IFE differentiated cells II (IFE DII)
1772067085-F09,IFE differentiated cells II (IFE DII)
1772072276-E12,IFE differentiated cells II (IFE DII)
1772067078-D08,IFE differentiated cells II (IFE DII)
1772071037-E10,IFE differentiated cells II (IFE DII)
1772067084-E08,IFE differentiated cells II (IFE DII)
1772067075-E06,IFE differentiated cells II (IFE DII)
1772072259-G09,IFE differentiated cells II (IFE DII)
1772071066-A05,IFE differentiated cells II (IFE DII)
1772067078-A09,IFE differentiated cells II (IFE DII)
1772071068-F09,IFE differentiated cells II (IFE DII)
1772071025-C09,IFE differentiated cells II (IFE DII)
1772071025-H01,IFE differentiated cells II (IFE DII)
1772071025-A07,IFE differentiated cells II (IFE DII)
1772071034-A04,IFE differentiated cells II (IFE DII)
1772067075-A04,IFE differentiated cells II (IFE DII)
1772072261-F01,IFE differentiated cells II (IFE DII)
1772071039-B10,IFE differentiated cells II (IFE DII)
1772072261-F03,IFE differentiated cells II (IFE DII)
1772072261-B12,IFE differentiated cells II (IFE DII)
1772067086-E02,IFE differentiated cells II (IFE DII)
1772072261-G09,IFE differentiated cells II (IFE DII)
1772071037-G07,IFE differentiated cells II (IFE DII)
1772071025-D08,IFE differentiated cells II (IFE DII)
1772071034-D03,IFE differentiated cells II (IFE DII)
1772071025-A01,IFE differentiated cells II (IFE DII)
1772071068-C03,IFE differentiated cells II (IFE DII)
1772072259-E02,IFE differentiated cells II (IFE DII)
1772067085-C01,IFE differentiated cells II (IFE DII)
1772072283-G02,IFE differentiated cells II (IFE DII)
1772067078-B02,IFE differentiated cells II (IFE DII)
1772067095-D01,IFE differentiated cells II (IFE DII)
1772067056-D09,IFE differentiated cells II (IFE DII)
1772072283-D03,IFE differentiated cells II (IFE DII)
1772071026-A02,IFE differentiated cells II (IFE DII)
1772072259-B07,IFE differentiated cells II (IFE DII)
1772067078-D02,IFE keratinized layer I (IFE KI)
1772067086-H11,IFE keratinized layer I (IFE KI)
1772071066-B08,IFE keratinized layer I (IFE KI)
1772071066-G12,IFE keratinized layer I (IFE KI)
1772067056-B01,IFE keratinized layer I (IFE KI)
1772072284-G03,IFE keratinized layer I (IFE KI)
1772071068-D01,IFE keratinized layer I (IFE KI)
1772072259-F02,IFE keratinized layer I (IFE KI)
1772067086-D03,IFE keratinized layer I (IFE KI)
1772067056-E03,IFE keratinized layer I (IFE KI)
1772067056-A10,IFE keratinized layer I (IFE KI)
1772071039-A11,IFE keratinized layer I (IFE KI)
1772067084-G09,IFE keratinized layer I (IFE KI)
1772072283-E07,IFE keratinized layer I (IFE KI)
1772071039-C09,IFE keratinized layer I (IFE KI)
1772071068-H01,IFE keratinized layer I (IFE KI)
1772072275-C04,IFE keratinized layer I (IFE KI)
1772072285-B03,IFE keratinized layer I (IFE KI)
1772071026-C03,IFE keratinized layer I (IFE KI)
1772067056-C04,IFE keratinized layer I (IFE KI)
1772071026-B04,IFE keratinized layer I (IFE KI)
1772067085-H03,IFE keratinized layer I (IFE KI)
1772072285-C06,IFE keratinized layer I (IFE KI)
1772072285-A02,IFE keratinized layer I (IFE KI)
1772072285-A09,IFE keratinized layer I (IFE KI)
1772072285-B01,IFE keratinized layer I (IFE KI)
1772072285-B07,IFE keratinized layer I (IFE KI)
1772072285-B02,IFE keratinized layer I (IFE KI)
1772072285-D09,IFE keratinized layer I (IFE KI)
1772071039-B01,IFE keratinized layer I (IFE KI)
1772071039-D07,IFE keratinized layer I (IFE KI)
1772071039-E08,IFE keratinized layer I (IFE KI)
1772071039-D01,IFE keratinized layer I (IFE KI)
1772067056-E07,IFE keratinized layer I (IFE KI)
1772071039-D03,IFE keratinized layer I (IFE KI)
1772067056-E02,IFE keratinized layer I (IFE KI)
1772067056-F01,IFE keratinized layer I (IFE KI)
1772067056-F02,IFE keratinized layer I (IFE KI)
1772071061-E07,IFE keratinized layer I (IFE KI)
1772067086-E04,IFE keratinized layer I (IFE KI)
1772067080-A07,IFE keratinized layer I (IFE KI)
1772071039-H02,IFE keratinized layer I (IFE KI)
1772067080-A08,IFE keratinized layer I (IFE KI)
1772071066-G01,IFE keratinized layer I (IFE KI)
1772067084-D11,IFE keratinized layer I (IFE KI)
1772072283-F03,IFE keratinized layer I (IFE KI)
1772072284-E01,IFE keratinized layer I (IFE KI)
1772072282-D10,IFE keratinized layer I (IFE KI)
1772072283-H09,IFE keratinized layer I (IFE KI)
1772072261-D08,IFE keratinized layer I (IFE KI)
1772071025-C03,IFE keratinized layer I (IFE KI)
1772071068-D05,IFE keratinized layer I (IFE KI)
1772067087-H08,IFE keratinized layer I (IFE KI)
1772071063-E02,IFE keratinized layer I (IFE KI)
1772067086-C12,IFE keratinized layer I (IFE KI)
1772071032-B02,IFE keratinized layer I (IFE KI)
1772072282-F02,IFE keratinized layer I (IFE KI)
1772067085-H01,IFE keratinized layer I (IFE KI)
1772067095-D03,IFE keratinized layer I (IFE KI)
1772072259-F01,IFE keratinized layer I (IFE KI)
1772072259-H02,IFE keratinized layer I (IFE KI)
1772072259-C05,IFE keratinized layer I (IFE KI)
1772071032-C06,IFE keratinized layer I (IFE KI)
1772071032-B09,IFE keratinized layer I (IFE KI)
1772071039-E10,IFE keratinized layer I (IFE KI)
1772071034-E12,IFE keratinized layer I (IFE KI)
1772067056-C01,IFE keratinized layer I (IFE KI)
1772067078-C03,IFE keratinized layer I (IFE KI)
1772067095-D09,IFE keratinized layer I (IFE KI)
1772072276-H01,IFE keratinized layer I (IFE KI)
1772071066-D09,IFE keratinized layer I (IFE KI)
1772072261-C09,IFE keratinized layer I (IFE KI)
1772071068-D08,IFE keratinized layer I (IFE KI)
1772072285-E02,IFE keratinized layer I (IFE KI)
1772071068-E11,IFE keratinized layer I (IFE KI)
1772067085-G08,IFE keratinized layer I (IFE KI)
1772067055-G09,IFE keratinized layer I (IFE KI)
1772067075-F02,IFE keratinized layer I (IFE KI)
1772071051-C07,IFE keratinized layer I (IFE KI)
1772067084-E02,IFE keratinized layer I (IFE KI)
1772067072-C04,IFE keratinized layer I (IFE KI)
1772071063-G09,IFE keratinized layer I (IFE KI)
1772067080-C07,IFE keratinized layer I (IFE KI)
1772071026-F05,IFE keratinized layer I (IFE KI)
1772067078-G08,IFE keratinized layer I (IFE KI)
1772067072-E05,IFE keratinized layer I (IFE KI)
1772071034-A08,IFE keratinized layer I (IFE KI)
1772067085-E01,IFE keratinized layer I (IFE KI)
1772072276-C02,IFE keratinized layer I (IFE KI)
1772072285-A03,IFE keratinized layer I (IFE KI)
1772071051-F12,IFE keratinized layer I (IFE KI)
1772071025-H07,IFE keratinized layer I (IFE KI)
1772071026-A05,IFE keratinized layer I (IFE KI)
1772071037-C01,IFE keratinized layer I (IFE KI)
1772071026-D10,IFE keratinized layer I (IFE KI)
1772067075-C08,IFE keratinized layer II (IFE KII)
1772071063-E03,IFE keratinized layer II (IFE KII)
1772072256-D01,IFE keratinized layer II (IFE KII)
1772072276-B12,IFE keratinized layer II (IFE KII)
1772071025-B07,IFE keratinized layer II (IFE KII)
1772071066-E01,IFE keratinized layer II (IFE KII)
1772067086-G12,IFE keratinized layer II (IFE KII)
1772067055-C08,IFE keratinized layer II (IFE KII)
1772071037-B07,IFE keratinized layer II (IFE KII)
1772067090-A02,IFE keratinized layer II (IFE KII)
1772067087-D02,IFE keratinized layer II (IFE KII)
1772071051-F05,IFE keratinized layer II (IFE KII)
1772067080-E01,IFE keratinized layer II (IFE KII)
1772067080-H01,IFE keratinized layer II (IFE KII)
1772071066-F09,IFE keratinized layer II (IFE KII)
1772072284-A01,IFE keratinized layer II (IFE KII)
1772067087-D07,IFE keratinized layer II (IFE KII)
1772067072-B04,IFE keratinized layer II (IFE KII)
1772071051-B10,IFE keratinized layer II (IFE KII)
1772071061-A08,IFE keratinized layer II (IFE KII)
1772071061-G11,Upper hair follicle I (uHF I)
1772072256-F02,Upper hair follicle I (uHF I)
1772067086-F06,Upper hair follicle I (uHF I)
1772067056-C10,Upper hair follicle I (uHF I)
1772072284-A10,Upper hair follicle I (uHF I)
1772071063-A07,Upper hair follicle I (uHF I)
1772067056-C06,Upper hair follicle I (uHF I)
1772072282-B03,Upper hair follicle I (uHF I)
1772072282-F09,Upper hair follicle I (uHF I)
1772067084-D01,Upper hair follicle I (uHF I)
1772072284-F09,Upper hair follicle I (uHF I)
1772067095-D11,Upper hair follicle I (uHF I)
1772071068-E12,Upper hair follicle I (uHF I)
1772067087-F04,Upper hair follicle I (uHF I)
1772067080-F07,Upper hair follicle I (uHF I)
1772067087-A06,Upper hair follicle I (uHF I)
1772067087-F12,Upper hair follicle I (uHF I)
1772067056-D04,Upper hair follicle I (uHF I)
1772071068-D06,Upper hair follicle I (uHF I)
1772067056-G10,Upper hair follicle I (uHF I)
1772072284-H05,Upper hair follicle I (uHF I)
1772067087-H02,Upper hair follicle I (uHF I)
1772067087-A11,Upper hair follicle I (uHF I)
1772067071-A09,Upper hair follicle I (uHF I)
1772072276-D03,Upper hair follicle I (uHF I)
1772067072-A01,Upper hair follicle I (uHF I)
1772072263-F04,Upper hair follicle I (uHF I)
1772071061-H05,Upper hair follicle I (uHF I)
1772072285-D12,Upper hair follicle I (uHF I)
1772071051-C06,Upper hair follicle I (uHF I)
1772071063-D10,Upper hair follicle I (uHF I)
1772072282-H11,Upper hair follicle I (uHF I)
1772067080-C04,Upper hair follicle I (uHF I)
1772067085-B04,Upper hair follicle I (uHF I)
1772072282-B12,Upper hair follicle I (uHF I)
1772071032-E08,Upper hair follicle I (uHF I)
1772067080-B10,Upper hair follicle I (uHF I)
1772072263-E10,Upper hair follicle I (uHF I)
1772072261-D01,Upper hair follicle I (uHF I)
1772072275-C01,Upper hair follicle I (uHF I)
1772071051-H04,Upper hair follicle I (uHF I)
1772072284-E04,Upper hair follicle I (uHF I)
1772067095-D08,Upper hair follicle I (uHF I)
1772071068-G06,Upper hair follicle I (uHF I)
1772072261-C10,Upper hair follicle I (uHF I)
1772067080-H06,Upper hair follicle I (uHF I)
1772071025-A10,Upper hair follicle I (uHF I)
1772072282-B06,Upper hair follicle I (uHF I)
1772067085-H10,Upper hair follicle I (uHF I)
1772072276-E09,Upper hair follicle I (uHF I)
1772072276-G01,Upper hair follicle I (uHF I)
1772072284-C04,Upper hair follicle I (uHF I)
1772071066-E11,Upper hair follicle I (uHF I)
1772072256-D11,Upper hair follicle I (uHF I)
1772067095-D05,Upper hair follicle I (uHF I)
1772071026-B03,Upper hair follicle I (uHF I)
1772067087-E06,Upper hair follicle I (uHF I)
1772071051-E05,Upper hair follicle I (uHF I)
1772071063-E12,Upper hair follicle I (uHF I)
1772071051-B06,Upper hair follicle I (uHF I)
1772071051-C02,Upper hair follicle I (uHF I)
1772071051-C12,Upper hair follicle I (uHF I)
1772071068-E09,Upper hair follicle I (uHF I)
1772071063-C08,Upper hair follicle I (uHF I)
1772067078-A03,Upper hair follicle I (uHF I)
1772067086-B01,Upper hair follicle I (uHF I)
1772067072-D10,Upper hair follicle I (uHF I)
1772072261-D05,Upper hair follicle I (uHF I)
1772072261-B06,Upper hair follicle I (uHF I)
1772067072-G06,Upper hair follicle I (uHF I)
1772072283-F08,Upper hair follicle I (uHF I)
1772067095-H12,Upper hair follicle I (uHF I)
1772067090-F02,Upper hair follicle I (uHF I)
1772072283-A09,Upper hair follicle I (uHF I)
1772071037-E06,Upper hair follicle I (uHF I)
1772072276-D01,Upper hair follicle I (uHF I)
1772071066-F06,Upper hair follicle I (uHF I)
1772071061-A11,Upper hair follicle I (uHF I)
1772071037-C12,Upper hair follicle I (uHF I)
1772072282-D04,Upper hair follicle I (uHF I)
1772072284-F05,Upper hair follicle I (uHF I)
1772067055-B06,Upper hair follicle I (uHF I)
1772072283-E02,Upper hair follicle I (uHF I)
1772071066-H02,Upper hair follicle I (uHF I)
1772067095-F12,Upper hair follicle I (uHF I)
1772067075-H06,Upper hair follicle I (uHF I)
1772072275-D09,Upper hair follicle I (uHF I)
1772067095-E11,Upper hair follicle I (uHF I)
1772067055-B03,Upper hair follicle I (uHF I)
1772072285-B06,Upper hair follicle I (uHF I)
1772067071-F10,Upper hair follicle I (uHF I)
1772072263-D11,Upper hair follicle I (uHF I)
1772067080-E07,Upper hair follicle I (uHF I)
1772072283-A05,Upper hair follicle I (uHF I)
1772072285-C10,Upper hair follicle I (uHF I)
1772067075-C12,Upper hair follicle I (uHF I)
1772067080-B04,Upper hair follicle I (uHF I)
1772067071-F09,Upper hair follicle I (uHF I)
1772072263-E11,Upper hair follicle I (uHF I)
1772067055-C05,Upper hair follicle I (uHF I)
1772071068-H05,Upper hair follicle I (uHF I)
1772071026-H06,Upper hair follicle I (uHF I)
1772067095-B10,Upper hair follicle I (uHF I)
1772072256-F07,Upper hair follicle I (uHF I)
1772067090-B08,Upper hair follicle I (uHF I)
1772071063-F12,Upper hair follicle I (uHF I)
1772072276-D06,Upper hair follicle I (uHF I)
1772072276-C05,Upper hair follicle I (uHF I)
1772072285-B11,Upper hair follicle I (uHF I)
1772072263-A09,Upper hair follicle I (uHF I)
1772067075-C06,Upper hair follicle I (uHF I)
1772072275-F10,Upper hair follicle I (uHF I)
1772067087-B12,Upper hair follicle I (uHF I)
1772067087-A05,Upper hair follicle I (uHF I)
1772067095-C11,Upper hair follicle I (uHF I)
1772071063-A05,Upper hair follicle I (uHF I)
1772067090-G11,Upper hair follicle I (uHF I)
1772071034-G05,Upper hair follicle I (uHF I)
1772071032-D11,Upper hair follicle I (uHF I)
1772067095-B04,Upper hair follicle I (uHF I)
1772071063-D04,Upper hair follicle I (uHF I)
1772072276-B03,Upper hair follicle I (uHF I)
1772067090-B04,Upper hair follicle I (uHF I)
1772072282-A10,Upper hair follicle I (uHF I)
1772071034-B05,Upper hair follicle I (uHF I)
1772067056-A04,Upper hair follicle I (uHF I)
1772067080-A05,Upper hair follicle I (uHF I)
1772072284-D02,Upper hair follicle I (uHF I)
1772072284-G05,Upper hair follicle I (uHF I)
1772072283-G03,Upper hair follicle I (uHF I)
1772071068-B08,Upper hair follicle I (uHF I)
1772071061-G05,Upper hair follicle I (uHF I)
1772072259-A11,Upper hair follicle I (uHF I)
1772072275-H05,Upper hair follicle I (uHF I)
1772072276-B08,Upper hair follicle I (uHF I)
1772071039-A03,Upper hair follicle I (uHF I)
1772071039-B03,Upper hair follicle I (uHF I)
1772071039-H10,Upper hair follicle I (uHF I)
1772067072-B12,Upper hair follicle I (uHF I)
1772071051-G06,Upper hair follicle I (uHF I)
1772072276-D02,Upper hair follicle I (uHF I)
1772067055-F05,Upper hair follicle I (uHF I)
1772071068-B06,Upper hair follicle I (uHF I)
1772071034-D10,Upper hair follicle I (uHF I)
1772071051-D12,Upper hair follicle I (uHF I)
1772071051-D05,Upper hair follicle I (uHF I)
1772071039-C03,Upper hair follicle I (uHF I)
1772071039-B09,Upper hair follicle I (uHF I)
1772067086-F12,Upper hair follicle I (uHF I)
1772067072-F05,Upper hair follicle I (uHF I)
1772072283-C02,Upper hair follicle I (uHF I)
1772071068-F11,Upper hair follicle I (uHF I)
1772071066-H12,Upper hair follicle I (uHF I)
1772071068-A01,Upper hair follicle I (uHF I)
1772072256-B02,Upper hair follicle I (uHF I)
1772067095-H04,Upper hair follicle I (uHF I)
1772067075-F01,Upper hair follicle I (uHF I)
1772072284-A02,Upper hair follicle I (uHF I)
1772067080-C10,Upper hair follicle I (uHF I)
1772067095-F05,Upper hair follicle I (uHF I)
1772067086-G05,Upper hair follicle I (uHF I)
1772071026-E06,Upper hair follicle I (uHF I)
1772067075-D08,Upper hair follicle I (uHF I)
1772072275-F01,Upper hair follicle I (uHF I)
1772072263-F12,Upper hair follicle I (uHF I)
1772072256-E11,Upper hair follicle I (uHF I)
1772072256-D06,Upper hair follicle I (uHF I)
1772072275-G02,Upper hair follicle I (uHF I)
1772072276-E05,Upper hair follicle I (uHF I)
1772072275-A08,Upper hair follicle I (uHF I)
1772072256-B04,Upper hair follicle I (uHF I)
1772072276-F12,Upper hair follicle I (uHF I)
1772067056-G06,Upper hair follicle I (uHF I)
1772072284-A05,Upper hair follicle I (uHF I)
1772071051-F11,Upper hair follicle I (uHF I)
1772071068-C11,Upper hair follicle I (uHF I)
1772067056-H11,Upper hair follicle II (uHF II)
1772071032-H01,Upper hair follicle II (uHF II)
1772067078-B05,Upper hair follicle II (uHF II)
1772071063-F05,Upper hair follicle II (uHF II)
1772072276-B11,Upper hair follicle II (uHF II)
1772071066-A03,Upper hair follicle II (uHF II)
1772067087-E08,Upper hair follicle II (uHF II)
1772067087-E11,Upper hair follicle II (uHF II)
1772071066-B04,Upper hair follicle II (uHF II)
1772067086-F02,Upper hair follicle II (uHF II)
1772072282-B11,Upper hair follicle II (uHF II)
1772071026-C12,Upper hair follicle II (uHF II)
1772067085-A01,Upper hair follicle II (uHF II)
1772072285-C09,Upper hair follicle II (uHF II)
1772072282-C08,Upper hair follicle II (uHF II)
1772067087-C08,Upper hair follicle II (uHF II)
1772067075-E04,Upper hair follicle II (uHF II)
1772072283-G04,Upper hair follicle II (uHF II)
1772072261-D12,Upper hair follicle II (uHF II)
1772067055-E06,Upper hair follicle II (uHF II)
1772071061-F07,Upper hair follicle II (uHF II)
1772067080-D07,Upper hair follicle II (uHF II)
1772072284-E11,Upper hair follicle II (uHF II)
1772072282-E07,Upper hair follicle II (uHF II)
1772071032-D04,Upper hair follicle II (uHF II)
1772071026-H11,Upper hair follicle II (uHF II)
1772072282-H04,Upper hair follicle II (uHF II)
1772071034-H08,Upper hair follicle II (uHF II)
1772067071-D05,Upper hair follicle II (uHF II)
1772072256-H05,Upper hair follicle II (uHF II)
1772071068-D02,Upper hair follicle II (uHF II)
1772071032-D10,Upper hair follicle II (uHF II)
1772072263-F10,Upper hair follicle II (uHF II)
1772072256-E12,Upper hair follicle II (uHF II)
1772067055-D04,Upper hair follicle II (uHF II)
1772067090-G02,Upper hair follicle II (uHF II)
1772072259-C10,Upper hair follicle II (uHF II)
1772072285-C08,Upper hair follicle II (uHF II)
1772071066-H11,Upper hair follicle II (uHF II)
1772067087-B07,Upper hair follicle II (uHF II)
1772067087-D12,Upper hair follicle II (uHF II)
1772067080-C02,Upper hair follicle II (uHF II)
1772072285-A05,Upper hair follicle II (uHF II)
1772072285-A12,Upper hair follicle II (uHF II)
1772072276-A06,Upper hair follicle II (uHF II)
1772071032-E04,Upper hair follicle II (uHF II)
1772072285-C12,Upper hair follicle II (uHF II)
1772067087-A10,Upper hair follicle II (uHF II)
1772067056-A11,Upper hair follicle II (uHF II)
1772071039-C07,Upper hair follicle II (uHF II)
1772071039-G06,Upper hair follicle II (uHF II)
1772072261-C05,Upper hair follicle II (uHF II)
1772071051-C10,Upper hair follicle II (uHF II)
1772067055-F10,Upper hair follicle II (uHF II)
1772072285-B10,Upper hair follicle II (uHF II)
1772071068-B03,Upper hair follicle II (uHF II)
1772071032-C08,Upper hair follicle II (uHF II)
1772072282-B07,Upper hair follicle II (uHF II)
1772071039-C10,Upper hair follicle II (uHF II)
1772067086-F10,Upper hair follicle II (uHF II)
1772067086-A12,Upper hair follicle II (uHF II)
1772072263-A10,Upper hair follicle II (uHF II)
1772067085-E10,Upper hair follicle II (uHF II)
1772071063-B11,Upper hair follicle II (uHF II)
1772071068-H11,Upper hair follicle II (uHF II)
1772072261-D10,Upper hair follicle II (uHF II)
1772072259-F06,Upper hair follicle II (uHF II)
1772071039-H11,Upper hair follicle II (uHF II)
1772072284-B02,Upper hair follicle II (uHF II)
1772067087-C03,Upper hair follicle II (uHF II)
1772071025-C10,Upper hair follicle II (uHF II)
1772072256-A03,Upper hair follicle II (uHF II)
1772071068-D04,Upper hair follicle II (uHF II)
1772071039-A08,Upper hair follicle II (uHF II)
1772071051-A05,Upper hair follicle II (uHF II)
1772072256-D04,Upper hair follicle II (uHF II)
1772071026-F07,Upper hair follicle II (uHF II)
1772071032-A02,Upper hair follicle II (uHF II)
1772072282-F01,Upper hair follicle II (uHF II)
1772071025-E07,Upper hair follicle II (uHF II)
1772067056-G11,Upper hair follicle II (uHF II)
1772067072-C01,Upper hair follicle II (uHF II)
1772067095-A11,Upper hair follicle II (uHF II)
1772067090-D12,Upper hair follicle II (uHF II)
1772072261-B04,Upper hair follicle II (uHF II)
1772072261-E08,Upper hair follicle II (uHF II)
1772067080-G09,Upper hair follicle II (uHF II)
1772067085-F08,Upper hair follicle II (uHF II)
1772067072-D11,Upper hair follicle II (uHF II)
1772071034-B06,Upper hair follicle II (uHF II)
1772072259-H06,Upper hair follicle II (uHF II)
1772072256-C07,Upper hair follicle II (uHF II)
1772067095-F10,Upper hair follicle II (uHF II)
1772072261-E01,Upper hair follicle II (uHF II)
1772071066-A09,Upper hair follicle II (uHF II)
1772067072-F04,Upper hair follicle II (uHF II)
1772071063-C06,Upper hair follicle II (uHF II)
1772072263-G10,Upper hair follicle II (uHF II)
1772067080-B01,Upper hair follicle II (uHF II)
1772071061-G03,Upper hair follicle II (uHF II)
1772067087-H12,Upper hair follicle II (uHF II)
1772071051-D06,Upper hair follicle II (uHF II)
1772067085-C09,Upper hair follicle II (uHF II)
1772072275-G09,Upper hair follicle II (uHF II)
1772067080-A09,Upper hair follicle II (uHF II)
1772067072-A03,Upper hair follicle II (uHF II)
1772071034-D07,Upper hair follicle II (uHF II)
1772072275-C02,Upper hair follicle II (uHF II)
1772072263-F05,Upper hair follicle II (uHF II)
1772072261-H05,Upper hair follicle II (uHF II)
1772067086-B07,Upper hair follicle II (uHF II)
1772067071-D04,Upper hair follicle II (uHF II)
1772071061-H04,Upper hair follicle III (uHF III)
1772071061-E09,Upper hair follicle III (uHF III)
1772072284-G02,Upper hair follicle III (uHF III)
1772072282-A12,Upper hair follicle III (uHF III)
1772067090-F06,Upper hair follicle III (uHF III)
1772072276-A12,Upper hair follicle III (uHF III)
1772072282-A03,Upper hair follicle III (uHF III)
1772072283-C01,Upper hair follicle III (uHF III)
1772071061-A05,Upper hair follicle III (uHF III)
1772071032-B10,Upper hair follicle III (uHF III)
1772071068-G12,Upper hair follicle III (uHF III)
1772072284-H11,Upper hair follicle III (uHF III)
1772072276-C03,Upper hair follicle III (uHF III)
1772067080-A04,Upper hair follicle III (uHF III)
1772071032-E02,Upper hair follicle III (uHF III)
1772071032-G08,Upper hair follicle III (uHF III)
1772072284-F11,Upper hair follicle III (uHF III)
1772071026-H05,Upper hair follicle III (uHF III)
1772071066-B01,Upper hair follicle III (uHF III)
1772071068-A09,Upper hair follicle III (uHF III)
1772072283-G06,Upper hair follicle III (uHF III)
1772071032-C02,Upper hair follicle III (uHF III)
1772072259-H10,Upper hair follicle III (uHF III)
1772071039-F06,Upper hair follicle III (uHF III)
1772067080-A02,Upper hair follicle III (uHF III)
1772072285-C11,Upper hair follicle III (uHF III)
1772072282-E12,Upper hair follicle III (uHF III)
1772072284-C11,Upper hair follicle III (uHF III)
1772072284-G11,Upper hair follicle III (uHF III)
1772072285-C01,Upper hair follicle III (uHF III)
1772072275-D02,Upper hair follicle III (uHF III)
1772071026-G11,Upper hair follicle III (uHF III)
1772067056-H05,Upper hair follicle III (uHF III)
1772067056-E06,Upper hair follicle III (uHF III)
1772071066-D05,Upper hair follicle III (uHF III)
1772072275-A05,Upper hair follicle III (uHF III)
1772067087-A07,Upper hair follicle III (uHF III)
1772071034-D04,Upper hair follicle III (uHF III)
1772071032-G10,Upper hair follicle III (uHF III)
1772071068-H06,Upper hair follicle III (uHF III)
1772072283-C08,Upper hair follicle III (uHF III)
1772071034-F05,Upper hair follicle III (uHF III)
1772072276-A04,Upper hair follicle III (uHF III)
1772072276-E07,Upper hair follicle III (uHF III)
1772072276-C09,Upper hair follicle III (uHF III)
1772072276-H07,Upper hair follicle III (uHF III)
1772071032-F02,Upper hair follicle III (uHF III)
1772071032-B07,Upper hair follicle III (uHF III)
1772072282-C02,Upper hair follicle III (uHF III)
1772072282-D02,Upper hair follicle III (uHF III)
1772072275-A11,Upper hair follicle III (uHF III)
1772072261-B10,Upper hair follicle III (uHF III)
1772072261-B09,Upper hair follicle III (uHF III)
1772071051-E10,Upper hair follicle III (uHF III)
1772072275-F11,Upper hair follicle III (uHF III)
1772072256-G10,Upper hair follicle III (uHF III)
1772067056-F11,Upper hair follicle III (uHF III)
1772072256-C10,Upper hair follicle III (uHF III)
1772072263-B12,Upper hair follicle III (uHF III)
1772072276-D12,Upper hair follicle III (uHF III)
1772067085-D07,Upper hair follicle III (uHF III)
1772071063-B09,Upper hair follicle III (uHF III)
1772072261-C12,Upper hair follicle III (uHF III)
1772072275-H06,Upper hair follicle III (uHF III)
1772071063-G12,Upper hair follicle III (uHF III)
1772071063-H10,Upper hair follicle III (uHF III)
1772072276-A08,Upper hair follicle III (uHF III)
1772071063-A06,Upper hair follicle III (uHF III)
1772067072-A11,Upper hair follicle III (uHF III)
1772071034-A02,Upper hair follicle III (uHF III)
1772071061-G04,Upper hair follicle III (uHF III)
1772072256-F04,Upper hair follicle III (uHF III)
1772071025-C02,Upper hair follicle III (uHF III)
1772072259-B04,Upper hair follicle III (uHF III)
1772072263-C11,Sebaceous gland (SG)
1772072283-A08,Sebaceous gland (SG)
1772067087-E12,Sebaceous gland (SG)
1772067056-A12,Sebaceous gland (SG)
1772067056-C02,Sebaceous gland (SG)
1772067056-C12,Sebaceous gland (SG)
1772067087-D11,Sebaceous gland (SG)
1772072284-E10,Sebaceous gland (SG)
1772071061-C06,Sebaceous gland (SG)
1772071068-B10,Sebaceous gland (SG)
1772067056-F05,Sebaceous gland (SG)
1772071066-F04,Sebaceous gland (SG)
1772071063-A10,Sebaceous gland (SG)
1772067086-C02,Sebaceous gland (SG)
1772071051-B04,Sebaceous gland (SG)
1772071068-A07,Sebaceous gland (SG)
1772071068-E10,Sebaceous gland (SG)
1772071061-F09,Sebaceous gland (SG)
1772072284-H12,Sebaceous gland (SG)
1772071032-H12,Outer bulge (OB)
1772072275-D12,Outer bulge (OB)
1772067056-G04,Outer bulge (OB)
1772072259-D06,Outer bulge (OB)
1772072256-F09,Outer bulge (OB)
1772072283-E06,Outer bulge (OB)
1772067087-A02,Outer bulge (OB)
1772072259-H11,Outer bulge (OB)
1772071061-F11,Outer bulge (OB)
1772072275-F04,Outer bulge (OB)
1772072256-D03,Outer bulge (OB)
1772071063-D09,Outer bulge (OB)
1772067087-G01,Outer bulge (OB)
1772072256-D12,Outer bulge (OB)
1772072283-B01,Outer bulge (OB)
1772067087-G05,Outer bulge (OB)
1772071034-E04,Outer bulge (OB)
1772067056-C05,Outer bulge (OB)
1772072283-E10,Outer bulge (OB)
1772071063-C05,Outer bulge (OB)
1772072284-D01,Outer bulge (OB)
1772071032-A04,Outer bulge (OB)
1772071066-C05,Outer bulge (OB)
1772072285-D03,Outer bulge (OB)
1772071061-F12,Outer bulge (OB)
1772072276-H04,Outer bulge (OB)
1772067087-E04,Outer bulge (OB)
1772071051-C05,Outer bulge (OB)
1772072282-C01,Outer bulge (OB)
1772072282-C04,Outer bulge (OB)
1772072282-H05,Outer bulge (OB)
1772067078-D04,Outer bulge (OB)
1772071061-D11,Outer bulge (OB)
1772072284-A08,Outer bulge (OB)
1772072284-F04,Outer bulge (OB)
1772071068-D10,Outer bulge (OB)
1772072283-E05,Outer bulge (OB)
1772072263-A03,Outer bulge (OB)
1772067056-B12,Outer bulge (OB)
1772072259-C11,Outer bulge (OB)
1772071051-H06,Outer bulge (OB)
1772067095-A06,Outer bulge (OB)
1772067087-D06,Outer bulge (OB)
1772071063-A04,Outer bulge (OB)
1772071032-C03,Outer bulge (OB)
1772072283-G11,Outer bulge (OB)
1772072283-D04,Outer bulge (OB)
1772072256-G04,Outer bulge (OB)
1772067055-D09,Outer bulge (OB)
1772071025-E06,Outer bulge (OB)
1772071061-D08,Outer bulge (OB)
1772072256-B05,Outer bulge (OB)
1772067095-B03,Outer bulge (OB)
1772072283-D06,Outer bulge (OB)
1772072283-B05,Outer bulge (OB)
1772071068-E04,Outer bulge (OB)
1772072276-H09,Outer bulge (OB)
1772067084-C04,Outer bulge (OB)
1772067085-G05,Outer bulge (OB)
1772071034-B01,Outer bulge (OB)
1772072283-D08,Outer bulge (OB)
1772067087-E10,Outer bulge (OB)
1772071068-C01,Outer bulge (OB)
1772072261-A04,Outer bulge (OB)
1772071066-E04,Outer bulge (OB)
1772067087-B06,Outer bulge (OB)
1772071032-G04,Outer bulge (OB)
1772072256-A12,Outer bulge (OB)
1772067087-C06,Outer bulge (OB)
1772072263-G01,Outer bulge (OB)
1772072259-H12,Outer bulge (OB)
1772071026-C05,Outer bulge (OB)
1772072275-B10,Outer bulge (OB)
1772067095-A02,Outer bulge (OB)
1772072263-E05,Outer bulge (OB)
1772072275-D04,Outer bulge (OB)
1772067072-C12,Outer bulge (OB)
1772071051-C03,Outer bulge (OB)
1772071051-G11,Outer bulge (OB)
1772071034-E01,Outer bulge (OB)
1772071026-H04,Outer bulge (OB)
1772067095-G10,Outer bulge (OB)
1772067087-D10,Outer bulge (OB)
1772067085-D05,Outer bulge (OB)
1772072256-C04,Outer bulge (OB)
1772072261-D06,Outer bulge (OB)
1772067087-B09,Outer bulge (OB)
1772067056-H04,Outer bulge (OB)
1772067072-C05,Outer bulge (OB)
1772067085-H07,Outer bulge (OB)
1772072282-C10,Outer bulge (OB)
1772071032-F05,Outer bulge (OB)
1772071068-H04,Outer bulge (OB)
1772071032-C09,Outer bulge (OB)
1772071034-C06,Outer bulge (OB)
1772067072-G12,Outer bulge (OB)
1772071066-D10,Outer bulge (OB)
1772067090-G06,Outer bulge (OB)
1772072263-E12,Outer bulge (OB)
1772072256-A02,Outer bulge (OB)
1772072263-B07,Outer bulge (OB)
1772072263-D07,Outer bulge (OB)
1772071066-C01,Outer bulge (OB)
1772071068-D03,Outer bulge (OB)
1772067087-F10,Outer bulge (OB)
1772067056-A06,Outer bulge (OB)
1772072263-D03,Outer bulge (OB)
1772072283-G05,Outer bulge (OB)
1772071032-A07,Outer bulge (OB)
1772071066-F12,Outer bulge (OB)
1772071032-G06,Outer bulge (OB)
1772071032-D07,Outer bulge (OB)
1772067072-D08,Outer bulge (OB)
1772071066-F05,Outer bulge (OB)
1772071051-D10,Outer bulge (OB)
1772067072-E01,Outer bulge (OB)
1772072256-G05,Outer bulge (OB)
1772067095-H05,Outer bulge (OB)
1772072263-D10,Outer bulge (OB)
1772071063-B05,Outer bulge (OB)
1772072282-F07,Outer bulge (OB)
1772071061-B06,Outer bulge (OB)
1772072275-H12,Outer bulge (OB)
1772071051-E12,Outer bulge (OB)
1772072283-H01,Outer bulge (OB)
1772072256-D05,Outer bulge (OB)
1772072284-B01,Outer bulge (OB)
1772071066-D06,Outer bulge (OB)
1772067072-C06,Outer bulge (OB)
1772071063-A01,Outer bulge (OB)
1772072259-A10,Outer bulge (OB)
1772072256-C12,Outer bulge (OB)
1772072263-C02,Outer bulge (OB)
1772071063-F01,Outer bulge (OB)
1772071068-C04,Outer bulge (OB)
1772071068-D07,Outer bulge (OB)
1772071066-D02,Outer bulge (OB)
1772072263-B11,Outer bulge (OB)
1772072283-F11,Outer bulge (OB)
1772071034-B12,Outer bulge (OB)
1772072263-G11,Outer bulge (OB)
1772071034-G12,Outer bulge (OB)
1772071026-B01,Outer bulge (OB)
1772071026-D12,Outer bulge (OB)
1772072261-E05,Outer bulge (OB)
1772071066-E10,Outer bulge (OB)
1772071068-F04,Outer bulge (OB)
1772072283-B08,Outer bulge (OB)
1772072259-C07,Outer bulge (OB)
1772071034-A05,Outer bulge (OB)
1772071034-D08,Outer bulge (OB)
1772071026-A11,Outer bulge (OB)
1772071025-E03,Outer bulge (OB)
1772071032-F11,Outer bulge (OB)
1772071026-B10,Outer bulge (OB)
1772067072-E10,Outer bulge (OB)
1772072275-E04,Outer bulge (OB)
1772071061-C11,Outer bulge (OB)
1772071066-G06,Outer bulge (OB)
1772072275-C12,Outer bulge (OB)
1772067085-G10,Outer bulge (OB)
1772071026-F04,Outer bulge (OB)
1772072261-F06,Outer bulge (OB)
1772072263-F11,Outer bulge (OB)
1772067056-F04,Outer bulge (OB)
1772072259-G07,Outer bulge (OB)
1772072285-E06,Outer bulge (OB)
1772072282-B04,Outer bulge (OB)
1772071066-E05,Outer bulge (OB)
1772067056-H10,Outer bulge (OB)
1772071034-A01,Outer bulge (OB)
1772071025-C08,Outer bulge (OB)
1772071026-B09,Outer bulge (OB)
1772067087-G11,Outer bulge (OB)
1772071026-F12,Outer bulge (OB)
1772071066-C03,Outer bulge (OB)
1772067085-H05,Outer bulge (OB)
1772071032-F03,Outer bulge (OB)
1772071032-E05,Outer bulge (OB)
1772071032-A12,Outer bulge (OB)
1772072282-B08,Outer bulge (OB)
1772071063-H04,Outer bulge (OB)
1772071068-G05,Outer bulge (OB)
1772067085-C11,Outer bulge (OB)
1772071025-H10,Outer bulge (OB)
1772072275-F06,Outer bulge (OB)
1772072276-H05,Outer bulge (OB)
1772071063-A12,Outer bulge (OB)
1772067085-D01,Outer bulge (OB)
1772072282-D06,Outer bulge (OB)
1772072259-E04,Outer bulge (OB)
1772067072-A02,Outer bulge (OB)
1772067072-A07,Outer bulge (OB)
1772067071-C02,Outer bulge (OB)
1772072283-B09,Outer bulge (OB)
1772071034-G04,Outer bulge (OB)
1772071034-A11,Outer bulge (OB)
1772071026-B07,Outer bulge (OB)
1772072275-G04,Outer bulge (OB)
1772072263-C06,Outer bulge (OB)
1772072259-F10,Outer bulge (OB)
1772072276-F10,Outer bulge (OB)
1772071034-F12,Outer bulge (OB)
1772072282-A09,Outer bulge (OB)
1772071032-E07,Outer bulge (OB)
1772071068-A04,Outer bulge (OB)
1772071063-B07,Outer bulge (OB)
1772071032-B03,Outer bulge (OB)
1772071063-B08,Outer bulge (OB)
1772072282-E03,Outer bulge (OB)
1772071066-A04,Outer bulge (OB)
1772071061-D06,Inner bulge (IB)
1772072283-F07,Inner bulge (IB)
1772072261-C01,Inner bulge (IB)
1772071025-A12,Inner bulge (IB)
1772067087-D03,Inner bulge (IB)
1772071063-G04,Inner bulge (IB)
1772071063-D02,Inner bulge (IB)
1772067080-D02,Inner bulge (IB)
1772071068-D12,Inner bulge (IB)
1772072275-C03,Inner bulge (IB)
1772072285-D06,Inner bulge (IB)
1772071032-A06,Inner bulge (IB)
1772071068-F12,Inner bulge (IB)
1772072263-B06,Inner bulge (IB)
1772071025-A03,Inner bulge (IB)
1772072285-D01,Inner bulge (IB)
1772071026-A07,Inner bulge (IB)
1772071066-C08,Inner bulge (IB)
1772072283-C05,Inner bulge (IB)
1772072256-A04,Inner bulge (IB)
1772072256-H10,Inner bulge (IB)
1772067072-F07,Inner bulge (IB)
1772071039-H05,Inner bulge (IB)
1772071051-B03,Inner bulge (IB)
1772071034-C03,Inner bulge (IB)
1772072283-F06,Inner bulge (IB)
1772071025-A09,Inner bulge (IB)
1772071032-D12,Inner bulge (IB)
1772071026-G05,Inner bulge (IB)
1772067085-E02,Inner bulge (IB)
1772067056-F12,Inner bulge (IB)
1772071061-B08,Inner bulge (IB)
1772072256-G12,Inner bulge (IB)
1772071032-E01,Inner bulge (IB)
1772067085-B03,Inner bulge (IB)
1772072263-A08,Inner bulge (IB)
1772071066-F10,Inner bulge (IB)
1772067085-B05,Inner bulge (IB)
1772071025-F03,Inner bulge (IB)
1772072256-E05,Inner bulge (IB)
1772071025-D04,Inner bulge (IB)
1772071032-A08,Inner bulge (IB)
1772072256-B06,Inner bulge (IB)
1772071032-B12,Inner bulge (IB)
1772071032-H10,Inner bulge (IB)
1772071026-E04,Inner bulge (IB)
1772071032-D02,Inner bulge (IB)
1772071061-G12,Inner bulge (IB)
1772071063-F06,Inner bulge (IB)
1772072261-G03,Inner bulge (IB)
1772072276-F09,Inner bulge (IB)
1772072261-H06,Inner bulge (IB)
1772071066-C10,Inner bulge (IB)
1772072275-C10,Inner bulge (IB)
1772072276-D10,Inner bulge (IB)
1772067085-D08,Inner bulge (IB)
1772072263-H12,Inner bulge (IB)
1772071025-G12,Inner bulge (IB)
1772072283-A01,Inner bulge (IB)
1772071061-C03,Inner bulge (IB)
1772071061-H06,Inner bulge (IB)
1772067087-E03,T cells (TC)
1772071063-D08,T cells (TC)
1772072263-B08,T cells (TC)
1772071034-C05,T cells (TC)
1772071026-B08,T cells (TC)
1772071026-A10,T cells (TC)
1772071063-D07,T cells (TC)
1772071066-G10,T cells (TC)
1772071068-C12,T cells (TC)
1772071025-H03,T cells (TC)
1772071034-G08,T cells (TC)
1772071061-A02,T cells (TC)
1772072276-H08,T cells (TC)
1772071066-C02,T cells (TC)
1772072283-F01,T cells (TC)
1772067087-C04,T cells (TC)
1772067071-E12,T cells (TC)
1772071063-C04,T cells (TC)
1772071068-F06,Langerhans cells (LH)
1772067078-B07,Langerhans cells (LH)
1772071068-B07,Langerhans cells (LH)
1772071063-H12,Langerhans cells (LH)
1772072256-D10,Langerhans cells (LH)
1772072275-D06,Langerhans cells (LH)
1772067085-A10,Langerhans cells (LH)
1772072259-F03,Langerhans cells (LH)
1772072263-C03,Langerhans cells (LH)
1772071051-E11,Langerhans cells (LH)
1772072263-H05,Langerhans cells (LH)
1772072256-H11,Langerhans cells (LH)
1772071068-C05,Langerhans cells (LH)
1772072276-E02,Langerhans cells (LH)
1772072283-D02,Langerhans cells (LH)
1772071061-C05,Langerhans cells (LH)
1772071034-D01,Langerhans cells (LH)
1772072283-B06,Langerhans cells (LH)
1772071068-G04,Langerhans cells (LH)
1772071063-A03,Langerhans cells (LH)
1772071061-C07,Langerhans cells (LH)
1772071063-G05,Langerhans cells (LH)
1772072276-A07,Langerhans cells (LH)
1772071026-D07,Langerhans cells (LH)
1772072275-G07,Langerhans cells (LH)
1772067085-C05,Langerhans cells (LH)
1772072276-B10,Langerhans cells (LH)
1772067072-A04,Langerhans cells (LH)
1772071066-G11,Langerhans cells (LH)
1772071066-B10,Langerhans cells (LH)
1772072284-F10,Langerhans cells (LH)
